filename,CWE_Target,RQ4_Description,Best_Matching_CWE_ID,Best_Matching_CWE_Text,Cosine_Similarity,Top_Matches,Correct_Match,Top3_Match_Correct,Top5_Match_Correct
insecure_login.py,89,"CWE-ID: CWE-89
Description: Improper Neutralization of Input During Web Page Generation ('Cross-site Scripting')

The function is vulnerable to SQL injection attacks. The input parameters `username` and `password` are directly concatenated into the SQL query without proper sanitization or escaping, allowing an attacker to inject malicious SQL code. This can lead to unauthorized access, data tampering, or even complete system compromise.",79,CWE-79 Improper Neutralization of Input During Web Page Generation ('Cross-site Scripting') The product does not neutralize or incorrectly neutralizes user-controllable input before it is placed in output that is used as a web page that is served to other users.,0.7337429,"[{'CWE-ID': 79, 'Full_Text': ""CWE-79 Improper Neutralization of Input During Web Page Generation ('Cross-site Scripting') The product does not neutralize or incorrectly neutralizes user-controllable input before it is placed in output that is used as a web page that is served to other users."", 'Similarity': np.float32(0.7337429)}, {'CWE-ID': 89, 'Full_Text': ""CWE-89 Improper Neutralization of Special Elements used in an SQL Command ('SQL Injection') The product constructs all or part of an SQL command using externally-influenced input from an upstream component, but it does not neutralize or incorrectly neutralizes special elements that could modify the intended SQL command when it is sent to a downstream component."", 'Similarity': np.float32(0.6874277)}, {'CWE-ID': 84, 'Full_Text': 'CWE-84 Improper Neutralization of Encoded URI Schemes in a Web Page The web application improperly neutralizes user-controlled input for executable script disguised with URI encodings.', 'Similarity': np.float32(0.67463374)}, {'CWE-ID': 87, 'Full_Text': 'CWE-87 Improper Neutralization of Alternate XSS Syntax The product does not neutralize or incorrectly neutralizes user-controlled input for alternate script syntax.', 'Similarity': np.float32(0.64242506)}, {'CWE-ID': 643, 'Full_Text': ""CWE-643 Improper Neutralization of Data within XPath Expressions ('XPath Injection') The product uses external input to dynamically construct an XPath expression used to retrieve data from an XML database, but it does not neutralize or incorrectly neutralizes that input. This allows an attacker to control the structure of the query."", 'Similarity': np.float32(0.6416895)}]",False,True,True
xss_reflected.py,79,"CWE-ID: CWE-79
Description: Improper Neutralization of Input During Web Page Generation ('Cross-site Scripting')",79,CWE-79 Improper Neutralization of Input During Web Page Generation ('Cross-site Scripting') The product does not neutralize or incorrectly neutralizes user-controllable input before it is placed in output that is used as a web page that is served to other users.,0.8830692,"[{'CWE-ID': 79, 'Full_Text': ""CWE-79 Improper Neutralization of Input During Web Page Generation ('Cross-site Scripting') The product does not neutralize or incorrectly neutralizes user-controllable input before it is placed in output that is used as a web page that is served to other users."", 'Similarity': np.float32(0.8830692)}, {'CWE-ID': 81, 'Full_Text': 'CWE-81 Improper Neutralization of Script in an Error Message Web Page The product receives input from an upstream component, but it does not neutralize or incorrectly neutralizes special characters that could be interpreted as web-scripting elements when they are sent to an error page.', 'Similarity': np.float32(0.7326706)}, {'CWE-ID': 80, 'Full_Text': 'CWE-80 Improper Neutralization of Script-Related HTML Tags in a Web Page (Basic XSS) The product receives input from an upstream component, but it does not neutralize or incorrectly neutralizes special characters such as ""<"", "">"", and ""&"" that could be interpreted as web-scripting elements when they are sent to a downstream component that processes web pages.', 'Similarity': np.float32(0.71649164)}, {'CWE-ID': 84, 'Full_Text': 'CWE-84 Improper Neutralization of Encoded URI Schemes in a Web Page The web application improperly neutralizes user-controlled input for executable script disguised with URI encodings.', 'Similarity': np.float32(0.7052917)}, {'CWE-ID': 83, 'Full_Text': 'CWE-83 Improper Neutralization of Script in Attributes in a Web Page The product does not neutralize or incorrectly neutralizes ""javascript:"" or other URIs from dangerous attributes within tags, such as onmouseover, onload, onerror, or style.', 'Similarity': np.float32(0.6995647)}]",True,True,True
buffer_overflow.py,120,"CWE-ID: CWE-120
Description: Buffer Copy without Checking Size of Input ('Classic Buffer Overflow')",120,"CWE-120 Buffer Copy without Checking Size of Input ('Classic Buffer Overflow') The product copies an input buffer to an output buffer without verifying that the size of the input buffer is less than the size of the output buffer, leading to a buffer overflow.",0.8723343,"[{'CWE-ID': 120, 'Full_Text': ""CWE-120 Buffer Copy without Checking Size of Input ('Classic Buffer Overflow') The product copies an input buffer to an output buffer without verifying that the size of the input buffer is less than the size of the output buffer, leading to a buffer overflow."", 'Similarity': np.float32(0.8723343)}, {'CWE-ID': 805, 'Full_Text': 'CWE-805 Buffer Access with Incorrect Length Value The product uses a sequential operation to read or write a buffer, but it uses an incorrect length value that causes it to access memory that is outside of the bounds of the buffer.', 'Similarity': np.float32(0.65368915)}, {'CWE-ID': 131, 'Full_Text': 'CWE-131 Incorrect Calculation of Buffer Size The product does not correctly calculate the size to be used when allocating a buffer, which could lead to a buffer overflow.', 'Similarity': np.float32(0.64756155)}, {'CWE-ID': 680, 'Full_Text': 'CWE-680 Integer Overflow to Buffer Overflow The product performs a calculation to determine how much memory to allocate, but an integer overflow can occur that causes less memory to be allocated than expected, leading to a buffer overflow.', 'Similarity': np.float32(0.63790125)}, {'CWE-ID': 806, 'Full_Text': 'CWE-806 Buffer Access Using Size of Source Buffer The product uses the size of a source buffer when reading from or writing to a destination buffer, which may cause it to access memory that is outside of the bounds of the buffer.', 'Similarity': np.float32(0.6378732)}]",True,True,True
idor.py,639,"CWE-ID: CWE-639
Description: Authorization Bypass Through User-Controlled Key, also known as Insecure Direct Object Reference (IDOR), where an application uses a user-supplied identifier to access an object without verifying the user's permissions, allowing unauthorized access to sensitive data.",639,CWE-639 Authorization Bypass Through User-Controlled Key The system's authorization functionality does not prevent one user from gaining access to another user's data or record by modifying the key value identifying the data.,0.7629696,"[{'CWE-ID': 639, 'Full_Text': ""CWE-639 Authorization Bypass Through User-Controlled Key The system's authorization functionality does not prevent one user from gaining access to another user's data or record by modifying the key value identifying the data."", 'Similarity': np.float32(0.7629696)}, {'CWE-ID': 1302, 'Full_Text': 'CWE-1302 Missing Security Identifier The product implements a security identifier mechanism to differentiate what actions are allowed or disallowed when a transaction originates from an entity. A transaction is sent without a security identifier.', 'Similarity': np.float32(0.7174983)}, {'CWE-ID': 566, 'Full_Text': 'CWE-566 Authorization Bypass Through User-Controlled SQL Primary Key The product uses a database table that includes records that should not be accessible to an actor, but it executes a SQL statement with a primary key that can be controlled by that actor.', 'Similarity': np.float32(0.69841164)}, {'CWE-ID': 1263, 'Full_Text': 'CWE-1263 Improper Physical Access Control The product is designed with access restricted to certain information, but it does not sufficiently protect against an unauthorized actor with physical access to these areas.', 'Similarity': np.float32(0.6842304)}, {'CWE-ID': 1294, 'Full_Text': 'CWE-1294 Insecure Security Identifier Mechanism The System-on-Chip (SoC) implements a Security Identifier mechanism to differentiate what actions are allowed or disallowed when a transaction originates from an entity. However, the Security Identifiers are not correctly implemented.', 'Similarity': np.float32(0.6706849)}]",True,True,True
withdraw.py,362,"CWE-ID: CWE-362
Description: Concurrent Execution using Shared Resource with Improper Synchronization ('Race Condition')",362,"CWE-362 Concurrent Execution using Shared Resource with Improper Synchronization ('Race Condition') The product contains a code sequence that can run concurrently with other code, and the code sequence requires temporary, exclusive access to a shared resource, but a timing window exists in which the shared resource can be modified by another code sequence that is operating concurrently.",0.84756523,"[{'CWE-ID': 362, 'Full_Text': ""CWE-362 Concurrent Execution using Shared Resource with Improper Synchronization ('Race Condition') The product contains a code sequence that can run concurrently with other code, and the code sequence requires temporary, exclusive access to a shared resource, but a timing window exists in which the shared resource can be modified by another code sequence that is operating concurrently."", 'Similarity': np.float32(0.84756523)}, {'CWE-ID': 662, 'Full_Text': 'CWE-662 Improper Synchronization The product utilizes multiple threads or processes to allow temporary access to a shared resource that can only be exclusive to one process at a time, but it does not properly synchronize these actions, which might cause simultaneous accesses of this resource by multiple threads or processes.', 'Similarity': np.float32(0.78755057)}, {'CWE-ID': 821, 'Full_Text': 'CWE-821 Incorrect Synchronization The product utilizes a shared resource in a concurrent manner, but it does not correctly synchronize access to the resource.', 'Similarity': np.float32(0.7754595)}, {'CWE-ID': 366, 'Full_Text': 'CWE-366 Race Condition within a Thread If two threads of execution use a resource simultaneously, there exists the possibility that resources may be used while invalid, in turn making the state of execution undefined.', 'Similarity': np.float32(0.7448581)}, {'CWE-ID': 567, 'Full_Text': 'CWE-567 Unsynchronized Access to Shared Data in a Multithreaded Context The product does not properly synchronize shared data, such as static variables across threads, which can lead to undefined behavior and unpredictable data changes.', 'Similarity': np.float32(0.7079433)}]",True,True,True
authenticate.py,259,"CWE-ID: CWE-259
Description: Use of Hard-Coded Password - The software contains a hard-coded password, which can be discovered and exploited by attackers.",259,"CWE-259 Use of Hard-coded Password The product contains a hard-coded password, which it uses for its own inbound authentication or for outbound communication to external components.",0.8641395,"[{'CWE-ID': 259, 'Full_Text': 'CWE-259 Use of Hard-coded Password The product contains a hard-coded password, which it uses for its own inbound authentication or for outbound communication to external components.', 'Similarity': np.float32(0.8641395)}, {'CWE-ID': 798, 'Full_Text': 'CWE-798 Use of Hard-coded Credentials The product contains hard-coded credentials, such as a password or cryptographic key, which it uses for its own inbound authentication, outbound communication to external components, or encryption of internal data.', 'Similarity': np.float32(0.79904246)}, {'CWE-ID': 1393, 'Full_Text': 'CWE-1393 Use of Default Password The product uses default passwords for potentially critical functionality.', 'Similarity': np.float32(0.69807184)}, {'CWE-ID': 321, 'Full_Text': 'CWE-321 Use of Hard-coded Cryptographic Key The use of a hard-coded cryptographic key significantly increases the possibility that encrypted data may be recovered.', 'Similarity': np.float32(0.69715655)}, {'CWE-ID': 260, 'Full_Text': 'CWE-260 Password in Configuration File The product stores a password in a configuration file that might be accessible to actors who do not know the password.', 'Similarity': np.float32(0.69440484)}]",True,True,True
redirect.py,601,"CWE-ID: CWE-601
Description: Injection of Redirect to Untrusted Site ('Open Redirect')",601,"CWE-601 URL Redirection to Untrusted Site ('Open Redirect') A web application accepts a user-controlled input that specifies a link to an external site, and uses that link in a Redirect. This simplifies phishing attacks.",0.78173625,"[{'CWE-ID': 601, 'Full_Text': ""CWE-601 URL Redirection to Untrusted Site ('Open Redirect') A web application accepts a user-controlled input that specifies a link to an external site, and uses that link in a Redirect. This simplifies phishing attacks."", 'Similarity': np.float32(0.78173625)}, {'CWE-ID': 698, 'Full_Text': 'CWE-698 Execution After Redirect (EAR) The web application sends a redirect to another location, but instead of exiting, it executes additional code.', 'Similarity': np.float32(0.636293)}, {'CWE-ID': 425, 'Full_Text': ""CWE-425 Direct Request ('Forced Browsing') The web application does not adequately enforce appropriate authorization on all restricted URLs, scripts, or files."", 'Similarity': np.float32(0.6152493)}, {'CWE-ID': 536, 'Full_Text': 'CWE-536 Servlet Runtime Error Message Containing Sensitive Information A servlet error message indicates that there exists an unhandled exception in your web application code and may provide useful information to an attacker.', 'Similarity': np.float32(0.5847702)}, {'CWE-ID': 1275, 'Full_Text': 'CWE-1275 Sensitive Cookie with Improper SameSite Attribute The SameSite attribute for sensitive cookies is not set, or an insecure value is used.', 'Similarity': np.float32(0.5777081)}]",True,True,True
log_password.py,532,"CWE-ID: CWE-532
Description: Information Exposure Through Log Files - The software logs sensitive information, such as passwords or encryption keys, in a manner that is accessible to unauthorized actors.",532,CWE-532 Insertion of Sensitive Information into Log File Information written to log files can be of a sensitive nature and give valuable guidance to an attacker or expose sensitive user information.,0.83328867,"[{'CWE-ID': 532, 'Full_Text': 'CWE-532 Insertion of Sensitive Information into Log File Information written to log files can be of a sensitive nature and give valuable guidance to an attacker or expose sensitive user information.', 'Similarity': np.float32(0.83328867)}, {'CWE-ID': 533, 'Full_Text': 'CWE-533 DEPRECATED: Information Exposure Through Server Log Files This entry has been deprecated because its abstraction was too low-level.  See CWE-532.', 'Similarity': np.float32(0.8056368)}, {'CWE-ID': 534, 'Full_Text': 'CWE-534 DEPRECATED: Information Exposure Through Debug Log Files This entry has been deprecated because its abstraction was too low-level.  See CWE-532.', 'Similarity': np.float32(0.7837924)}, {'CWE-ID': 542, 'Full_Text': 'CWE-542 DEPRECATED: Information Exposure Through Cleanup Log Files This entry has been deprecated because its abstraction was too low-level.  See CWE-532.', 'Similarity': np.float32(0.74474543)}, {'CWE-ID': 779, 'Full_Text': 'CWE-779 Logging of Excessive Data The product logs too much information, making log files hard to process and possibly hindering recovery efforts or forensic analysis after an attack.', 'Similarity': np.float32(0.7305681)}]",True,True,True
hash_password.py,327,"CWE-ID: CWE-327
Description: Use of a Broken or Risky Cryptographic Algorithm - The software uses a cryptographic algorithm that is broken or risky, which can allow attackers to easily defeat the algorithm and access sensitive information.",327,CWE-327 Use of a Broken or Risky Cryptographic Algorithm The product uses a broken or risky cryptographic algorithm or protocol.,0.8855376,"[{'CWE-ID': 327, 'Full_Text': 'CWE-327 Use of a Broken or Risky Cryptographic Algorithm The product uses a broken or risky cryptographic algorithm or protocol.', 'Similarity': np.float32(0.8855376)}, {'CWE-ID': 1240, 'Full_Text': 'CWE-1240 Use of a Cryptographic Primitive with a Risky Implementation To fulfill the need for a cryptographic primitive, the product implements a cryptographic algorithm using a non-standard, unproven, or disallowed/non-compliant cryptographic implementation.', 'Similarity': np.float32(0.73226655)}, {'CWE-ID': 507, 'Full_Text': 'CWE-507 Trojan Horse The product appears to contain benign or useful functionality, but it also contains code that is hidden from normal operation that violates the intended security policy of the user or the system administrator.', 'Similarity': np.float32(0.6860702)}, {'CWE-ID': 321, 'Full_Text': 'CWE-321 Use of Hard-coded Cryptographic Key The use of a hard-coded cryptographic key significantly increases the possibility that encrypted data may be recovered.', 'Similarity': np.float32(0.6804199)}, {'CWE-ID': 325, 'Full_Text': 'CWE-325 Missing Cryptographic Step The product does not implement a required step in a cryptographic algorithm, resulting in weaker encryption than advertised by the algorithm.', 'Similarity': np.float32(0.66749597)}]",True,True,True
command_injection.py,78,"CWE-ID: CWE-78
Description: Improper Neutralization of Special Elements used in an OS Command ('OS Command Injection')",78,"CWE-78 Improper Neutralization of Special Elements used in an OS Command ('OS Command Injection') The product constructs all or part of an OS command using externally-influenced input from an upstream component, but it does not neutralize or incorrectly neutralizes special elements that could modify the intended OS command when it is sent to a downstream component.",0.86679876,"[{'CWE-ID': 78, 'Full_Text': ""CWE-78 Improper Neutralization of Special Elements used in an OS Command ('OS Command Injection') The product constructs all or part of an OS command using externally-influenced input from an upstream component, but it does not neutralize or incorrectly neutralizes special elements that could modify the intended OS command when it is sent to a downstream component."", 'Similarity': np.float32(0.86679876)}, {'CWE-ID': 77, 'Full_Text': ""CWE-77 Improper Neutralization of Special Elements used in a Command ('Command Injection') The product constructs all or part of a command using externally-influenced input from an upstream component, but it does not neutralize or incorrectly neutralizes special elements that could modify the intended command when it is sent to a downstream component."", 'Similarity': np.float32(0.7759845)}, {'CWE-ID': 88, 'Full_Text': ""CWE-88 Improper Neutralization of Argument Delimiters in a Command ('Argument Injection') The product constructs a string for a command to be executed by a separate component in another control sphere, but it does not properly delimit the intended arguments, options, or switches within that command string."", 'Similarity': np.float32(0.7069886)}, {'CWE-ID': 74, 'Full_Text': ""CWE-74 Improper Neutralization of Special Elements in Output Used by a Downstream Component ('Injection') The product constructs all or part of a command, data structure, or record using externally-influenced input from an upstream component, but it does not neutralize or incorrectly neutralizes special elements that could modify how it is parsed or interpreted when it is sent to a downstream component."", 'Similarity': np.float32(0.6942135)}, {'CWE-ID': 94, 'Full_Text': ""CWE-94 Improper Control of Generation of Code ('Code Injection') The product constructs all or part of a code segment using externally-influenced input from an upstream component, but it does not neutralize or incorrectly neutralizes special elements that could modify the syntax or behavior of the intended code segment."", 'Similarity': np.float32(0.68345994)}]",True,True,True
set_cookie.py,613,"CWE-ID: CWE-613
Description: Insufficient Session Expiration, which occurs when a web application does not properly invalidate or expire its session management cookies, allowing an attacker to reuse the session ID and gain unauthorized access.",613,"CWE-613 Insufficient Session Expiration According to WASC, ""Insufficient Session Expiration is when a web site permits an attacker to reuse old session credentials or session IDs for authorization.""",0.89142835,"[{'CWE-ID': 613, 'Full_Text': 'CWE-613 Insufficient Session Expiration According to WASC, ""Insufficient Session Expiration is when a web site permits an attacker to reuse old session credentials or session IDs for authorization.""', 'Similarity': np.float32(0.89142835)}, {'CWE-ID': 6, 'Full_Text': 'CWE-6 J2EE Misconfiguration: Insufficient Session-ID Length The J2EE application is configured to use an insufficient session ID length.', 'Similarity': np.float32(0.71631044)}, {'CWE-ID': 384, 'Full_Text': 'CWE-384 Session Fixation Authenticating a user, or otherwise establishing a new user session, without invalidating any existing session identifier gives an attacker the opportunity to steal authenticated sessions.', 'Similarity': np.float32(0.69726807)}, {'CWE-ID': 565, 'Full_Text': 'CWE-565 Reliance on Cookies without Validation and Integrity Checking The product relies on the existence or values of cookies when performing security-critical operations, but it does not properly ensure that the setting is valid for the associated user.', 'Similarity': np.float32(0.6885947)}, {'CWE-ID': 784, 'Full_Text': 'CWE-784 Reliance on Cookies without Validation and Integrity Checking in a Security Decision The product uses a protection mechanism that relies on the existence or values of a cookie, but it does not properly ensure that the cookie is valid for the associated user.', 'Similarity': np.float32(0.6415367)}]",True,True,True
get_user_data.py,89,"CWE-ID: CWE-89
Description: Improper Neutralization of Input During Web Page Generation ('Cross-site Scripting')

The function is vulnerable to SQL injection because it directly embeds the user-provided `user_id` into the SQL query without proper sanitization or escaping. This allows an attacker to inject malicious SQL code, potentially leading to unauthorized data access, modification, or deletion.",89,"CWE-89 Improper Neutralization of Special Elements used in an SQL Command ('SQL Injection') The product constructs all or part of an SQL command using externally-influenced input from an upstream component, but it does not neutralize or incorrectly neutralizes special elements that could modify the intended SQL command when it is sent to a downstream component.",0.6876844,"[{'CWE-ID': 89, 'Full_Text': ""CWE-89 Improper Neutralization of Special Elements used in an SQL Command ('SQL Injection') The product constructs all or part of an SQL command using externally-influenced input from an upstream component, but it does not neutralize or incorrectly neutralizes special elements that could modify the intended SQL command when it is sent to a downstream component."", 'Similarity': np.float32(0.6876844)}, {'CWE-ID': 79, 'Full_Text': ""CWE-79 Improper Neutralization of Input During Web Page Generation ('Cross-site Scripting') The product does not neutralize or incorrectly neutralizes user-controllable input before it is placed in output that is used as a web page that is served to other users."", 'Similarity': np.float32(0.6763293)}, {'CWE-ID': 652, 'Full_Text': ""CWE-652 Improper Neutralization of Data within XQuery Expressions ('XQuery Injection') The product uses external input to dynamically construct an XQuery expression used to retrieve data from an XML database, but it does not neutralize or incorrectly neutralizes that input. This allows an attacker to control the structure of the query."", 'Similarity': np.float32(0.62895656)}, {'CWE-ID': 84, 'Full_Text': 'CWE-84 Improper Neutralization of Encoded URI Schemes in a Web Page The web application improperly neutralizes user-controlled input for executable script disguised with URI encodings.', 'Similarity': np.float32(0.6279708)}, {'CWE-ID': 643, 'Full_Text': ""CWE-643 Improper Neutralization of Data within XPath Expressions ('XPath Injection') The product uses external input to dynamically construct an XPath expression used to retrieve data from an XML database, but it does not neutralize or incorrectly neutralizes that input. This allows an attacker to control the structure of the query."", 'Similarity': np.float32(0.6252095)}]",True,True,True
read_file.py,22,"CWE-ID: CWE-22
Description: Improper Limitation of a Pathname to a Restricted Directory ('Path Traversal')",22,"CWE-22 Improper Limitation of a Pathname to a Restricted Directory ('Path Traversal') The product uses external input to construct a pathname that is intended to identify a file or directory that is located underneath a restricted parent directory, but the product does not properly neutralize special elements within the pathname that can cause the pathname to resolve to a location that is outside of the restricted directory.",0.85568583,"[{'CWE-ID': 22, 'Full_Text': ""CWE-22 Improper Limitation of a Pathname to a Restricted Directory ('Path Traversal') The product uses external input to construct a pathname that is intended to identify a file or directory that is located underneath a restricted parent directory, but the product does not properly neutralize special elements within the pathname that can cause the pathname to resolve to a location that is outside of the restricted directory."", 'Similarity': np.float32(0.85568583)}, {'CWE-ID': 26, 'Full_Text': 'CWE-26 Path Traversal: \'/dir/../filename\' The product uses external input to construct a pathname that should be within a restricted directory, but it does not properly neutralize ""/dir/../filename"" sequences that can resolve to a location that is outside of that directory.', 'Similarity': np.float32(0.724115)}, {'CWE-ID': 424, 'Full_Text': 'CWE-424 Improper Protection of Alternate Path The product does not sufficiently protect all possible paths that a user can take to access restricted functionality or resources.', 'Similarity': np.float32(0.71702564)}, {'CWE-ID': 30, 'Full_Text': ""CWE-30 Path Traversal: '\\dir\\..\\filename' The product uses external input to construct a pathname that should be within a restricted directory, but it does not properly neutralize '\\dir\\..\\filename' (leading backslash dot dot) sequences that can resolve to a location that is outside of that directory."", 'Similarity': np.float32(0.6936612)}, {'CWE-ID': 31, 'Full_Text': ""CWE-31 Path Traversal: 'dir\\..\\..\\filename' The product uses external input to construct a pathname that should be within a restricted directory, but it does not properly neutralize 'dir\\..\\..\\filename' (multiple internal backslash dot dot) sequences that can resolve to a location that is outside of that directory."", 'Similarity': np.float32(0.6918113)}]",True,True,True
process_order.py,20,"CWE-ID: CWE-20
Description: Invalid Input - The software does not validate or incorrectly validates input that can affect the control flow or data flow of the software.

In this function, the input `quantity` is not properly validated, which can lead to unexpected behavior or errors. The function assumes that `quantity` is a positive integer, but it does not check for this. If `quantity` is a negative number, zero, or a non-numeric value, the function may behave unexpectedly or crash. This lack of input validation can lead to security vulnerabilities, such as denial-of-service attacks or unauthorized access.",1284,"CWE-1284 Improper Validation of Specified Quantity in Input The product receives input that is expected to specify a quantity (such as size or length), but it does not validate or incorrectly validates that the quantity has the required properties.",0.82735825,"[{'CWE-ID': 1284, 'Full_Text': 'CWE-1284 Improper Validation of Specified Quantity in Input The product receives input that is expected to specify a quantity (such as size or length), but it does not validate or incorrectly validates that the quantity has the required properties.', 'Similarity': np.float32(0.82735825)}, {'CWE-ID': 20, 'Full_Text': 'CWE-20 Improper Input Validation The product receives input or data, but it does not validate or incorrectly validates that the input has the properties that are required to process the data safely and correctly.', 'Similarity': np.float32(0.8156848)}, {'CWE-ID': 1287, 'Full_Text': 'CWE-1287 Improper Validation of Specified Type of Input The product receives input that is expected to be of a certain type, but it does not validate or incorrectly validates that the input is actually of the expected type.', 'Similarity': np.float32(0.7802589)}, {'CWE-ID': 1289, 'Full_Text': 'CWE-1289 Improper Validation of Unsafe Equivalence in Input The product receives an input value that is used as a resource identifier or other type of reference, but it does not validate or incorrectly validates that the input is equivalent to a potentially-unsafe value.', 'Similarity': np.float32(0.7565539)}, {'CWE-ID': 229, 'Full_Text': 'CWE-229 Improper Handling of Values The product does not properly handle when the expected number of values for parameters, fields, or arguments is not provided in input, or if those values are undefined.', 'Similarity': np.float32(0.7412301)}]",False,True,True
store_ssn.py,311,"CWE-ID: CWE-311
Description: Missing Encryption of Sensitive Data - The software stores sensitive data in plaintext, which allows an attacker to access the data if they can access the storage location.",311,CWE-311 Missing Encryption of Sensitive Data The product does not encrypt sensitive or critical information before storage or transmission.,0.85188633,"[{'CWE-ID': 311, 'Full_Text': 'CWE-311 Missing Encryption of Sensitive Data The product does not encrypt sensitive or critical information before storage or transmission.', 'Similarity': np.float32(0.85188633)}, {'CWE-ID': 921, 'Full_Text': 'CWE-921 Storage of Sensitive Data in a Mechanism without Access Control The product stores sensitive information in a file system or device that does not have built-in access control.', 'Similarity': np.float32(0.77027416)}, {'CWE-ID': 922, 'Full_Text': 'CWE-922 Insecure Storage of Sensitive Information The product stores sensitive information without properly limiting read or write access by unauthorized actors.', 'Similarity': np.float32(0.7483959)}, {'CWE-ID': 317, 'Full_Text': 'CWE-317 Cleartext Storage of Sensitive Information in GUI The product stores sensitive information in cleartext within the GUI.', 'Similarity': np.float32(0.7429253)}, {'CWE-ID': 312, 'Full_Text': 'CWE-312 Cleartext Storage of Sensitive Information The product stores sensitive information in cleartext within a resource that might be accessible to another control sphere.', 'Similarity': np.float32(0.7373433)}]",True,True,True
dirty_function_16.py,862,"CWE-ID: CWE-862
Description: Missing Authorization",862,CWE-862 Missing Authorization The product does not perform an authorization check when an actor attempts to access a resource or perform an action.,0.7080784,"[{'CWE-ID': 862, 'Full_Text': 'CWE-862 Missing Authorization The product does not perform an authorization check when an actor attempts to access a resource or perform an action.', 'Similarity': np.float32(0.7080784)}, {'CWE-ID': 863, 'Full_Text': 'CWE-863 Incorrect Authorization The product performs an authorization check when an actor attempts to access a resource or perform an action, but it does not correctly perform the check. This allows attackers to bypass intended access restrictions.', 'Similarity': np.float32(0.7026049)}, {'CWE-ID': 522, 'Full_Text': 'CWE-522 Insufficiently Protected Credentials The product transmits or stores authentication credentials, but it uses an insecure method that is susceptible to unauthorized interception and/or retrieval.', 'Similarity': np.float32(0.66681516)}, {'CWE-ID': 285, 'Full_Text': 'CWE-285 Improper Authorization The product does not perform or incorrectly performs an authorization check when an actor attempts to access a resource or perform an action.', 'Similarity': np.float32(0.6282165)}, {'CWE-ID': 306, 'Full_Text': 'CWE-306 Missing Authentication for Critical Function The product does not perform any authentication for functionality that requires a provable user identity or consumes a significant amount of resources.', 'Similarity': np.float32(0.62734354)}]",True,True,True
dirty_function_17.py,284,"CWE-ID: CWE-284
Description: Improper Access Control - The function allows any user to export transaction data of any other user without verifying the requesting party's permissions, leading to unauthorized access to sensitive data.",284,CWE-284 Improper Access Control The product does not restrict or incorrectly restricts access to a resource from an unauthorized actor.,0.71203685,"[{'CWE-ID': 284, 'Full_Text': 'CWE-284 Improper Access Control The product does not restrict or incorrectly restricts access to a resource from an unauthorized actor.', 'Similarity': np.float32(0.71203685)}, {'CWE-ID': 1263, 'Full_Text': 'CWE-1263 Improper Physical Access Control The product is designed with access restricted to certain information, but it does not sufficiently protect against an unauthorized actor with physical access to these areas.', 'Similarity': np.float32(0.66945165)}, {'CWE-ID': 1220, 'Full_Text': 'CWE-1220 Insufficient Granularity of Access Control The product implements access controls via a policy or other feature with the intention to disable or restrict accesses (reads and/or writes) to assets in a system from untrusted agents. However, implemented access controls lack required granularity, which renders the control policy too broad because it allows accesses from unauthorized agents to the security-sensitive assets.', 'Similarity': np.float32(0.6486253)}, {'CWE-ID': 528, 'Full_Text': 'CWE-528 Exposure of Core Dump File to an Unauthorized Control Sphere The product generates a core dump file in a directory, archive, or other resource that is stored, transferred, or otherwise made accessible to unauthorized actors.', 'Similarity': np.float32(0.6454878)}, {'CWE-ID': 281, 'Full_Text': 'CWE-281 Improper Preservation of Permissions The product does not preserve permissions or incorrectly preserves permissions when copying, restoring, or sharing objects, which can cause them to have less restrictive permissions than intended.', 'Similarity': np.float32(0.644962)}]",True,True,True
dirty_function_18.py,798,"CWE-ID: CWE-798
Description: Use of Hard-coded Credentials - The software contains hard-coded credentials, such as a password or cryptographic key, which can be used to gain access to the system or sensitive data.",798,"CWE-798 Use of Hard-coded Credentials The product contains hard-coded credentials, such as a password or cryptographic key, which it uses for its own inbound authentication, outbound communication to external components, or encryption of internal data.",0.92635727,"[{'CWE-ID': 798, 'Full_Text': 'CWE-798 Use of Hard-coded Credentials The product contains hard-coded credentials, such as a password or cryptographic key, which it uses for its own inbound authentication, outbound communication to external components, or encryption of internal data.', 'Similarity': np.float32(0.92635727)}, {'CWE-ID': 259, 'Full_Text': 'CWE-259 Use of Hard-coded Password The product contains a hard-coded password, which it uses for its own inbound authentication or for outbound communication to external components.', 'Similarity': np.float32(0.81236696)}, {'CWE-ID': 1392, 'Full_Text': 'CWE-1392 Use of Default Credentials The product uses default credentials (such as passwords or cryptographic keys) for potentially critical functionality.', 'Similarity': np.float32(0.7497949)}, {'CWE-ID': 321, 'Full_Text': 'CWE-321 Use of Hard-coded Cryptographic Key The use of a hard-coded cryptographic key significantly increases the possibility that encrypted data may be recovered.', 'Similarity': np.float32(0.71266115)}, {'CWE-ID': 1391, 'Full_Text': 'CWE-1391 Use of Weak Credentials The product uses weak credentials (such as a default key or hard-coded password) that can be calculated, derived, reused, or guessed by an attacker.', 'Similarity': np.float32(0.70734525)}]",True,True,True
dirty_function_19.py,208,"CWE-ID: CWE-208
Description: Information Exposure Through Timing Discrepancy - The function's variable-time string comparison can be exploited to reveal sensitive information, such as the correct signature, through timing attacks.",511,"CWE-511 Logic/Time Bomb The product contains code that is designed to disrupt the legitimate operation of the product (or its environment) when a certain time passes, or when a certain logical condition is met.",0.6576264,"[{'CWE-ID': 511, 'Full_Text': 'CWE-511 Logic/Time Bomb The product contains code that is designed to disrupt the legitimate operation of the product (or its environment) when a certain time passes, or when a certain logical condition is met.', 'Similarity': np.float32(0.6576264)}, {'CWE-ID': 1254, 'Full_Text': ""CWE-1254 Incorrect Comparison Logic Granularity The product's comparison logic is performed over a series of steps rather than across the entire string in one operation. If there is a comparison logic failure on one of these steps, the operation may be vulnerable to a timing attack that can result in the interception of the process for nefarious purposes."", 'Similarity': np.float32(0.64716256)}, {'CWE-ID': 516, 'Full_Text': 'CWE-516 DEPRECATED: Covert Timing Channel This weakness can be found at CWE-385.', 'Similarity': np.float32(0.64157355)}, {'CWE-ID': 385, 'Full_Text': 'CWE-385 Covert Timing Channel Covert timing channels convey information by modulating some aspect of system behavior over time, so that the program receiving the information can observe system behavior and infer protected information.', 'Similarity': np.float32(0.6252099)}, {'CWE-ID': 215, 'Full_Text': 'CWE-215 Insertion of Sensitive Information Into Debugging Code The product inserts sensitive information into debugging code, which could expose this information if the debugging code is not disabled in production.', 'Similarity': np.float32(0.62060237)}]",False,False,False
dirty_function_20.py,284,"CWE-ID: CWE-284
Description: Improper Access Control - The function does not properly enforce access controls, allowing unauthorized users to access sensitive internal logs by simply providing a matching role string.",284,CWE-284 Improper Access Control The product does not restrict or incorrectly restricts access to a resource from an unauthorized actor.,0.72192097,"[{'CWE-ID': 284, 'Full_Text': 'CWE-284 Improper Access Control The product does not restrict or incorrectly restricts access to a resource from an unauthorized actor.', 'Similarity': np.float32(0.72192097)}, {'CWE-ID': 1263, 'Full_Text': 'CWE-1263 Improper Physical Access Control The product is designed with access restricted to certain information, but it does not sufficiently protect against an unauthorized actor with physical access to these areas.', 'Similarity': np.float32(0.7037423)}, {'CWE-ID': 274, 'Full_Text': 'CWE-274 Improper Handling of Insufficient Privileges The product does not handle or incorrectly handles when it has insufficient privileges to perform an operation, leading to resultant weaknesses.', 'Similarity': np.float32(0.6617043)}, {'CWE-ID': 285, 'Full_Text': 'CWE-285 Improper Authorization The product does not perform or incorrectly performs an authorization check when an actor attempts to access a resource or perform an action.', 'Similarity': np.float32(0.66016716)}, {'CWE-ID': 280, 'Full_Text': 'CWE-280 Improper Handling of Insufficient Permissions or Privileges  The product does not handle or incorrectly handles when it has insufficient privileges to access resources or functionality as specified by their permissions. This may cause it to follow unexpected code paths that may leave the product in an invalid state.', 'Similarity': np.float32(0.6499235)}]",True,True,True
dirty_function_21.py,326,"CWE-ID: CWE-326
Description: Inadequate Encryption Strength - The function uses a basic encoding operation (base64 encoding) to protect sensitive data (Social Security Number), which is not a secure encryption method and can be easily reversed, allowing an attacker to access the original data.",326,"CWE-326 Inadequate Encryption Strength The product stores or transmits sensitive data using an encryption scheme that is theoretically sound, but is not strong enough for the level of protection required.",0.72320426,"[{'CWE-ID': 326, 'Full_Text': 'CWE-326 Inadequate Encryption Strength The product stores or transmits sensitive data using an encryption scheme that is theoretically sound, but is not strong enough for the level of protection required.', 'Similarity': np.float32(0.72320426)}, {'CWE-ID': 325, 'Full_Text': 'CWE-325 Missing Cryptographic Step The product does not implement a required step in a cryptographic algorithm, resulting in weaker encryption than advertised by the algorithm.', 'Similarity': np.float32(0.64643085)}, {'CWE-ID': 321, 'Full_Text': 'CWE-321 Use of Hard-coded Cryptographic Key The use of a hard-coded cryptographic key significantly increases the possibility that encrypted data may be recovered.', 'Similarity': np.float32(0.6374976)}, {'CWE-ID': 311, 'Full_Text': 'CWE-311 Missing Encryption of Sensitive Data The product does not encrypt sensitive or critical information before storage or transmission.', 'Similarity': np.float32(0.6358477)}, {'CWE-ID': 327, 'Full_Text': 'CWE-327 Use of a Broken or Risky Cryptographic Algorithm The product uses a broken or risky cryptographic algorithm or protocol.', 'Similarity': np.float32(0.6332816)}]",True,True,True
dirty_function_22.py,662,"CWE-ID: CWE-662
Description: Improper Synchronization - The function update_balance does not properly synchronize access to the account balance, which can lead to inconsistent updates in multi-threaded scenarios, resulting in unexpected behavior and potential security vulnerabilities.",662,"CWE-662 Improper Synchronization The product utilizes multiple threads or processes to allow temporary access to a shared resource that can only be exclusive to one process at a time, but it does not properly synchronize these actions, which might cause simultaneous accesses of this resource by multiple threads or processes.",0.7015271,"[{'CWE-ID': 662, 'Full_Text': 'CWE-662 Improper Synchronization The product utilizes multiple threads or processes to allow temporary access to a shared resource that can only be exclusive to one process at a time, but it does not properly synchronize these actions, which might cause simultaneous accesses of this resource by multiple threads or processes.', 'Similarity': np.float32(0.7015271)}, {'CWE-ID': 821, 'Full_Text': 'CWE-821 Incorrect Synchronization The product utilizes a shared resource in a concurrent manner, but it does not correctly synchronize access to the resource.', 'Similarity': np.float32(0.6726011)}, {'CWE-ID': 567, 'Full_Text': 'CWE-567 Unsynchronized Access to Shared Data in a Multithreaded Context The product does not properly synchronize shared data, such as static variables across threads, which can lead to undefined behavior and unpredictable data changes.', 'Similarity': np.float32(0.6572894)}, {'CWE-ID': 820, 'Full_Text': 'CWE-820 Missing Synchronization The product utilizes a shared resource in a concurrent manner but does not attempt to synchronize access to the resource.', 'Similarity': np.float32(0.62762296)}, {'CWE-ID': 667, 'Full_Text': 'CWE-667 Improper Locking The product does not properly acquire or release a lock on a resource, leading to unexpected resource state changes and behaviors.', 'Similarity': np.float32(0.62626314)}]",True,True,True
dirty_function_23.py,22,"CWE-ID: CWE-22
Description: Improper Limitation of a Pathname to a Restricted Directory ('Path Traversal')",22,"CWE-22 Improper Limitation of a Pathname to a Restricted Directory ('Path Traversal') The product uses external input to construct a pathname that is intended to identify a file or directory that is located underneath a restricted parent directory, but the product does not properly neutralize special elements within the pathname that can cause the pathname to resolve to a location that is outside of the restricted directory.",0.85568583,"[{'CWE-ID': 22, 'Full_Text': ""CWE-22 Improper Limitation of a Pathname to a Restricted Directory ('Path Traversal') The product uses external input to construct a pathname that is intended to identify a file or directory that is located underneath a restricted parent directory, but the product does not properly neutralize special elements within the pathname that can cause the pathname to resolve to a location that is outside of the restricted directory."", 'Similarity': np.float32(0.85568583)}, {'CWE-ID': 26, 'Full_Text': 'CWE-26 Path Traversal: \'/dir/../filename\' The product uses external input to construct a pathname that should be within a restricted directory, but it does not properly neutralize ""/dir/../filename"" sequences that can resolve to a location that is outside of that directory.', 'Similarity': np.float32(0.724115)}, {'CWE-ID': 424, 'Full_Text': 'CWE-424 Improper Protection of Alternate Path The product does not sufficiently protect all possible paths that a user can take to access restricted functionality or resources.', 'Similarity': np.float32(0.71702564)}, {'CWE-ID': 30, 'Full_Text': ""CWE-30 Path Traversal: '\\dir\\..\\filename' The product uses external input to construct a pathname that should be within a restricted directory, but it does not properly neutralize '\\dir\\..\\filename' (leading backslash dot dot) sequences that can resolve to a location that is outside of that directory."", 'Similarity': np.float32(0.6936612)}, {'CWE-ID': 31, 'Full_Text': ""CWE-31 Path Traversal: 'dir\\..\\..\\filename' The product uses external input to construct a pathname that should be within a restricted directory, but it does not properly neutralize 'dir\\..\\..\\filename' (multiple internal backslash dot dot) sequences that can resolve to a location that is outside of that directory."", 'Similarity': np.float32(0.6918113)}]",True,True,True
dirty_function_24.py,79,"CWE-ID: CWE-116
Description: Improper Encoding or Escaping of Output",116,"CWE-116 Improper Encoding or Escaping of Output The product prepares a structured message for communication with another component, but encoding or escaping of the data is either missing or done incorrectly. As a result, the intended structure of the message is not preserved.",0.68042654,"[{'CWE-ID': 116, 'Full_Text': 'CWE-116 Improper Encoding or Escaping of Output The product prepares a structured message for communication with another component, but encoding or escaping of the data is either missing or done incorrectly. As a result, the intended structure of the message is not preserved.', 'Similarity': np.float32(0.68042654)}, {'CWE-ID': 172, 'Full_Text': 'CWE-172 Encoding Error The product does not properly encode or decode the data, resulting in unexpected values.', 'Similarity': np.float32(0.6781446)}, {'CWE-ID': 1114, 'Full_Text': 'CWE-1114 Inappropriate Whitespace Style The source code contains whitespace that is inconsistent across the code or does not follow expected standards for the product.', 'Similarity': np.float32(0.6584144)}, {'CWE-ID': 1078, 'Full_Text': 'CWE-1078 Inappropriate Source Code Style or Formatting The source code does not follow desired style or formatting for indentation, white space, comments, etc.', 'Similarity': np.float32(0.6555003)}, {'CWE-ID': 838, 'Full_Text': 'CWE-838 Inappropriate Encoding for Output Context The product uses or specifies an encoding when generating output to a downstream component, but the specified encoding is not the same as the encoding that is expected by the downstream component.', 'Similarity': np.float32(0.63780713)}]",False,False,False
dirty_function_25.py,117,"CWE-ID: CWE-117
Description: Improper Neutralization of Output in Logs ('Log Injection') - The software constructs a log message using user-provided input, but does not properly encode or filter the input, allowing an attacker to inject malicious data into the log.",117,CWE-117 Improper Output Neutralization for Logs The product does not neutralize or incorrectly neutralizes output that is written to logs.,0.8267693,"[{'CWE-ID': 117, 'Full_Text': 'CWE-117 Improper Output Neutralization for Logs The product does not neutralize or incorrectly neutralizes output that is written to logs.', 'Similarity': np.float32(0.8267693)}, {'CWE-ID': 74, 'Full_Text': ""CWE-74 Improper Neutralization of Special Elements in Output Used by a Downstream Component ('Injection') The product constructs all or part of a command, data structure, or record using externally-influenced input from an upstream component, but it does not neutralize or incorrectly neutralizes special elements that could modify how it is parsed or interpreted when it is sent to a downstream component."", 'Similarity': np.float32(0.74151933)}, {'CWE-ID': 77, 'Full_Text': ""CWE-77 Improper Neutralization of Special Elements used in a Command ('Command Injection') The product constructs all or part of a command using externally-influenced input from an upstream component, but it does not neutralize or incorrectly neutralizes special elements that could modify the intended command when it is sent to a downstream component."", 'Similarity': np.float32(0.71157956)}, {'CWE-ID': 532, 'Full_Text': 'CWE-532 Insertion of Sensitive Information into Log File Information written to log files can be of a sensitive nature and give valuable guidance to an attacker or expose sensitive user information.', 'Similarity': np.float32(0.7075618)}, {'CWE-ID': 78, 'Full_Text': ""CWE-78 Improper Neutralization of Special Elements used in an OS Command ('OS Command Injection') The product constructs all or part of an OS command using externally-influenced input from an upstream component, but it does not neutralize or incorrectly neutralizes special elements that could modify the intended OS command when it is sent to a downstream component."", 'Similarity': np.float32(0.7058575)}]",True,True,True
dirty_function_26.py,284,"CWE-ID: CWE-284
Description: Improper Access Control - The function auto_approve_loan allows unauthorized access to loan approvals by solely relying on the user's credit score, bypassing additional eligibility criteria and fraud checks, which can lead to unauthorized approvals.",284,CWE-284 Improper Access Control The product does not restrict or incorrectly restricts access to a resource from an unauthorized actor.,0.60268855,"[{'CWE-ID': 284, 'Full_Text': 'CWE-284 Improper Access Control The product does not restrict or incorrectly restricts access to a resource from an unauthorized actor.', 'Similarity': np.float32(0.60268855)}, {'CWE-ID': 285, 'Full_Text': 'CWE-285 Improper Authorization The product does not perform or incorrectly performs an authorization check when an actor attempts to access a resource or perform an action.', 'Similarity': np.float32(0.5968443)}, {'CWE-ID': 863, 'Full_Text': 'CWE-863 Incorrect Authorization The product performs an authorization check when an actor attempts to access a resource or perform an action, but it does not correctly perform the check. This allows attackers to bypass intended access restrictions.', 'Similarity': np.float32(0.58424664)}, {'CWE-ID': 1263, 'Full_Text': 'CWE-1263 Improper Physical Access Control The product is designed with access restricted to certain information, but it does not sufficiently protect against an unauthorized actor with physical access to these areas.', 'Similarity': np.float32(0.58023155)}, {'CWE-ID': 645, 'Full_Text': 'CWE-645 Overly Restrictive Account Lockout Mechanism The product contains an account lockout protection mechanism, but the mechanism is too restrictive and can be triggered too easily, which allows attackers to deny service to legitimate users by causing their accounts to be locked out.', 'Similarity': np.float32(0.56284297)}]",True,True,True
dirty_function_27.py,601,"CWE-ID: CWE-601
Description: Injection of Redirects via Unvalidated Input ('Open Redirect')",601,"CWE-601 URL Redirection to Untrusted Site ('Open Redirect') A web application accepts a user-controlled input that specifies a link to an external site, and uses that link in a Redirect. This simplifies phishing attacks.",0.7726891,"[{'CWE-ID': 601, 'Full_Text': ""CWE-601 URL Redirection to Untrusted Site ('Open Redirect') A web application accepts a user-controlled input that specifies a link to an external site, and uses that link in a Redirect. This simplifies phishing attacks."", 'Similarity': np.float32(0.7726891)}, {'CWE-ID': 698, 'Full_Text': 'CWE-698 Execution After Redirect (EAR) The web application sends a redirect to another location, but instead of exiting, it executes additional code.', 'Similarity': np.float32(0.7080618)}, {'CWE-ID': 84, 'Full_Text': 'CWE-84 Improper Neutralization of Encoded URI Schemes in a Web Page The web application improperly neutralizes user-controlled input for executable script disguised with URI encodings.', 'Similarity': np.float32(0.606074)}, {'CWE-ID': 177, 'Full_Text': 'CWE-177 Improper Handling of URL Encoding (Hex Encoding) The product does not properly handle when all or part of an input has been URL encoded.', 'Similarity': np.float32(0.5957856)}, {'CWE-ID': 425, 'Full_Text': ""CWE-425 Direct Request ('Forced Browsing') The web application does not adequately enforce appropriate authorization on all restricted URLs, scripts, or files."", 'Similarity': np.float32(0.5623983)}]",True,True,True
dirty_function_28.py,95,"CWE-ID: CWE-95
Description: Evaluation Injection (also known as Code Injection or Dynamic Evaluation Vulnerability) - The software constructs all or part of a code snippet to execute at runtime, but it does not properly sanitize or encode the inputs, allowing an attacker to inject malicious code.",94,"CWE-94 Improper Control of Generation of Code ('Code Injection') The product constructs all or part of a code segment using externally-influenced input from an upstream component, but it does not neutralize or incorrectly neutralizes special elements that could modify the syntax or behavior of the intended code segment.",0.78546023,"[{'CWE-ID': 94, 'Full_Text': ""CWE-94 Improper Control of Generation of Code ('Code Injection') The product constructs all or part of a code segment using externally-influenced input from an upstream component, but it does not neutralize or incorrectly neutralizes special elements that could modify the syntax or behavior of the intended code segment."", 'Similarity': np.float32(0.78546023)}, {'CWE-ID': 95, 'Full_Text': 'CWE-95 Improper Neutralization of Directives in Dynamically Evaluated Code (\'Eval Injection\') The product receives input from an upstream component, but it does not neutralize or incorrectly neutralizes code syntax before using the input in a dynamic evaluation call (e.g. ""eval"").', 'Similarity': np.float32(0.7543376)}, {'CWE-ID': 74, 'Full_Text': ""CWE-74 Improper Neutralization of Special Elements in Output Used by a Downstream Component ('Injection') The product constructs all or part of a command, data structure, or record using externally-influenced input from an upstream component, but it does not neutralize or incorrectly neutralizes special elements that could modify how it is parsed or interpreted when it is sent to a downstream component."", 'Similarity': np.float32(0.6729367)}, {'CWE-ID': 77, 'Full_Text': ""CWE-77 Improper Neutralization of Special Elements used in a Command ('Command Injection') The product constructs all or part of a command using externally-influenced input from an upstream component, but it does not neutralize or incorrectly neutralizes special elements that could modify the intended command when it is sent to a downstream component."", 'Similarity': np.float32(0.6599654)}, {'CWE-ID': 96, 'Full_Text': ""CWE-96 Improper Neutralization of Directives in Statically Saved Code ('Static Code Injection') The product receives input from an upstream component, but it does not neutralize or incorrectly neutralizes code syntax before inserting the input into an executable resource, such as a library, configuration file, or template."", 'Similarity': np.float32(0.6548016)}]",False,True,True
dirty_function_29.py,22,"CWE-ID: CWE-22
Description: Improper Limitation of a Pathname to a Restricted Directory ('Path Traversal')",22,"CWE-22 Improper Limitation of a Pathname to a Restricted Directory ('Path Traversal') The product uses external input to construct a pathname that is intended to identify a file or directory that is located underneath a restricted parent directory, but the product does not properly neutralize special elements within the pathname that can cause the pathname to resolve to a location that is outside of the restricted directory.",0.85568583,"[{'CWE-ID': 22, 'Full_Text': ""CWE-22 Improper Limitation of a Pathname to a Restricted Directory ('Path Traversal') The product uses external input to construct a pathname that is intended to identify a file or directory that is located underneath a restricted parent directory, but the product does not properly neutralize special elements within the pathname that can cause the pathname to resolve to a location that is outside of the restricted directory."", 'Similarity': np.float32(0.85568583)}, {'CWE-ID': 26, 'Full_Text': 'CWE-26 Path Traversal: \'/dir/../filename\' The product uses external input to construct a pathname that should be within a restricted directory, but it does not properly neutralize ""/dir/../filename"" sequences that can resolve to a location that is outside of that directory.', 'Similarity': np.float32(0.724115)}, {'CWE-ID': 424, 'Full_Text': 'CWE-424 Improper Protection of Alternate Path The product does not sufficiently protect all possible paths that a user can take to access restricted functionality or resources.', 'Similarity': np.float32(0.71702564)}, {'CWE-ID': 30, 'Full_Text': ""CWE-30 Path Traversal: '\\dir\\..\\filename' The product uses external input to construct a pathname that should be within a restricted directory, but it does not properly neutralize '\\dir\\..\\filename' (leading backslash dot dot) sequences that can resolve to a location that is outside of that directory."", 'Similarity': np.float32(0.6936612)}, {'CWE-ID': 31, 'Full_Text': ""CWE-31 Path Traversal: 'dir\\..\\..\\filename' The product uses external input to construct a pathname that should be within a restricted directory, but it does not properly neutralize 'dir\\..\\..\\filename' (multiple internal backslash dot dot) sequences that can resolve to a location that is outside of that directory."", 'Similarity': np.float32(0.6918113)}]",True,True,True
dirty_function_30.py,20,"CWE-ID: CWE-20
Description: Invalid Input",684,"CWE-684 Incorrect Provision of Specified Functionality The code does not function according to its published specifications, potentially leading to incorrect usage.",0.6672486,"[{'CWE-ID': 684, 'Full_Text': 'CWE-684 Incorrect Provision of Specified Functionality The code does not function according to its published specifications, potentially leading to incorrect usage.', 'Similarity': np.float32(0.6672486)}, {'CWE-ID': 20, 'Full_Text': 'CWE-20 Improper Input Validation The product receives input or data, but it does not validate or incorrectly validates that the input has the properties that are required to process the data safely and correctly.', 'Similarity': np.float32(0.6500215)}, {'CWE-ID': 168, 'Full_Text': 'CWE-168 Improper Handling of Inconsistent Special Elements The product does not properly handle input in which an inconsistency exists between two or more special characters or reserved words.', 'Similarity': np.float32(0.64209193)}, {'CWE-ID': 1114, 'Full_Text': 'CWE-1114 Inappropriate Whitespace Style The source code contains whitespace that is inconsistent across the code or does not follow expected standards for the product.', 'Similarity': np.float32(0.64149547)}, {'CWE-ID': 1078, 'Full_Text': 'CWE-1078 Inappropriate Source Code Style or Formatting The source code does not follow desired style or formatting for indentation, white space, comments, etc.', 'Similarity': np.float32(0.633986)}]",False,True,True
dirty_function_31.py,209,"CWE-ID: CWE-209
Description: Information Exposure Through an Error Message",209,"CWE-209 Generation of Error Message Containing Sensitive Information The product generates an error message that includes sensitive information about its environment, users, or associated data.",0.7841418,"[{'CWE-ID': 209, 'Full_Text': 'CWE-209 Generation of Error Message Containing Sensitive Information The product generates an error message that includes sensitive information about its environment, users, or associated data.', 'Similarity': np.float32(0.7841418)}, {'CWE-ID': 210, 'Full_Text': 'CWE-210 Self-generated Error Message Containing Sensitive Information The product identifies an error condition and creates its own diagnostic or error messages that contain sensitive information.', 'Similarity': np.float32(0.7680217)}, {'CWE-ID': 211, 'Full_Text': 'CWE-211 Externally-Generated Error Message Containing Sensitive Information The product performs an operation that triggers an external diagnostic or error message that is not directly generated or controlled by the product, such as an error generated by the programming language interpreter that a software application uses. The error can contain sensitive system information.', 'Similarity': np.float32(0.7419518)}, {'CWE-ID': 550, 'Full_Text': 'CWE-550 Server-generated Error Message Containing Sensitive Information Certain conditions, such as network failure, will cause a server error message to be displayed.', 'Similarity': np.float32(0.7161406)}, {'CWE-ID': 213, 'Full_Text': ""CWE-213 Exposure of Sensitive Information Due to Incompatible Policies The product's intended functionality exposes information to certain actors in accordance with the developer's security policy, but this information is regarded as sensitive according to the intended security policies of other stakeholders such as the product's administrator, users, or others whose information is being processed."", 'Similarity': np.float32(0.70618916)}]",True,True,True
dirty_function_32.py,345,"CWE-ID: CWE-345
Description: Insufficient Verification of Data Authenticity",345,"CWE-345 Insufficient Verification of Data Authenticity The product does not sufficiently verify the origin or authenticity of data, in a way that causes it to accept invalid data.",0.83396,"[{'CWE-ID': 345, 'Full_Text': 'CWE-345 Insufficient Verification of Data Authenticity The product does not sufficiently verify the origin or authenticity of data, in a way that causes it to accept invalid data.', 'Similarity': np.float32(0.83396)}, {'CWE-ID': 347, 'Full_Text': 'CWE-347 Improper Verification of Cryptographic Signature The product does not verify, or incorrectly verifies, the cryptographic signature for data.', 'Similarity': np.float32(0.76170367)}, {'CWE-ID': 346, 'Full_Text': 'CWE-346 Origin Validation Error The product does not properly verify that the source of data or communication is valid.', 'Similarity': np.float32(0.7071872)}, {'CWE-ID': 303, 'Full_Text': 'CWE-303 Incorrect Implementation of Authentication Algorithm The requirements for the product dictate the use of an established authentication algorithm, but the implementation of the algorithm is incorrect.', 'Similarity': np.float32(0.6748033)}, {'CWE-ID': 295, 'Full_Text': 'CWE-295 Improper Certificate Validation The product does not validate, or incorrectly validates, a certificate.', 'Similarity': np.float32(0.6500408)}]",True,True,True
dirty_function_33.py,330,"CWE-ID: CWE-330
Description: Use of Insufficiently Random Values - The function uses a pseudorandom number generator that is not cryptographically secure, making it vulnerable to token prediction attacks.",330,CWE-330 Use of Insufficiently Random Values The product uses insufficiently random numbers or values in a security context that depends on unpredictable numbers.,0.75919545,"[{'CWE-ID': 330, 'Full_Text': 'CWE-330 Use of Insufficiently Random Values The product uses insufficiently random numbers or values in a security context that depends on unpredictable numbers.', 'Similarity': np.float32(0.75919545)}, {'CWE-ID': 334, 'Full_Text': 'CWE-334 Small Space of Random Values The number of possible random values is smaller than needed by the product, making it more susceptible to brute force attacks.', 'Similarity': np.float32(0.6728811)}, {'CWE-ID': 340, 'Full_Text': 'CWE-340 Generation of Predictable Numbers or Identifiers The product uses a scheme that generates numbers or identifiers that are more predictable than required.', 'Similarity': np.float32(0.65389526)}, {'CWE-ID': 338, 'Full_Text': ""CWE-338 Use of Cryptographically Weak Pseudo-Random Number Generator (PRNG) The product uses a Pseudo-Random Number Generator (PRNG) in a security context, but the PRNG's algorithm is not cryptographically strong."", 'Similarity': np.float32(0.629744)}, {'CWE-ID': 332, 'Full_Text': 'CWE-332 Insufficient Entropy in PRNG The lack of entropy available for, or used by, a Pseudo-Random Number Generator (PRNG) can be a stability and security threat.', 'Similarity': np.float32(0.624563)}]",True,True,True
dirty_function_34.py,209,"CWE-ID: CWE-209
Description: Information Exposure Through an Error Message",209,"CWE-209 Generation of Error Message Containing Sensitive Information The product generates an error message that includes sensitive information about its environment, users, or associated data.",0.7841418,"[{'CWE-ID': 209, 'Full_Text': 'CWE-209 Generation of Error Message Containing Sensitive Information The product generates an error message that includes sensitive information about its environment, users, or associated data.', 'Similarity': np.float32(0.7841418)}, {'CWE-ID': 210, 'Full_Text': 'CWE-210 Self-generated Error Message Containing Sensitive Information The product identifies an error condition and creates its own diagnostic or error messages that contain sensitive information.', 'Similarity': np.float32(0.7680217)}, {'CWE-ID': 211, 'Full_Text': 'CWE-211 Externally-Generated Error Message Containing Sensitive Information The product performs an operation that triggers an external diagnostic or error message that is not directly generated or controlled by the product, such as an error generated by the programming language interpreter that a software application uses. The error can contain sensitive system information.', 'Similarity': np.float32(0.7419518)}, {'CWE-ID': 550, 'Full_Text': 'CWE-550 Server-generated Error Message Containing Sensitive Information Certain conditions, such as network failure, will cause a server error message to be displayed.', 'Similarity': np.float32(0.7161406)}, {'CWE-ID': 213, 'Full_Text': ""CWE-213 Exposure of Sensitive Information Due to Incompatible Policies The product's intended functionality exposes information to certain actors in accordance with the developer's security policy, but this information is regarded as sensitive according to the intended security policies of other stakeholders such as the product's administrator, users, or others whose information is being processed."", 'Similarity': np.float32(0.70618916)}]",True,True,True
dirty_function_35.py,276,"CWE-ID: CWE-276
Description: Incorrect Default Permissions 

This function is vulnerable to incorrect default permissions, which can lead to unauthorized access or modification of sensitive configuration data. By not explicitly defining secure file permissions, the file may be accessible or modifiable by unintended users or processes, depending on the system's default umask.",280,CWE-280 Improper Handling of Insufficient Permissions or Privileges  The product does not handle or incorrectly handles when it has insufficient privileges to access resources or functionality as specified by their permissions. This may cause it to follow unexpected code paths that may leave the product in an invalid state.,0.7339773,"[{'CWE-ID': 280, 'Full_Text': 'CWE-280 Improper Handling of Insufficient Permissions or Privileges  The product does not handle or incorrectly handles when it has insufficient privileges to access resources or functionality as specified by their permissions. This may cause it to follow unexpected code paths that may leave the product in an invalid state.', 'Similarity': np.float32(0.7339773)}, {'CWE-ID': 279, 'Full_Text': 'CWE-279 Incorrect Execution-Assigned Permissions While it is executing, the product sets the permissions of an object in a way that violates the intended permissions that have been specified by the user.', 'Similarity': np.float32(0.70748395)}, {'CWE-ID': 732, 'Full_Text': 'CWE-732 Incorrect Permission Assignment for Critical Resource The product specifies permissions for a security-critical resource in a way that allows that resource to be read or modified by unintended actors.', 'Similarity': np.float32(0.7021388)}, {'CWE-ID': 281, 'Full_Text': 'CWE-281 Improper Preservation of Permissions The product does not preserve permissions or incorrectly preserves permissions when copying, restoring, or sharing objects, which can cause them to have less restrictive permissions than intended.', 'Similarity': np.float32(0.7008756)}, {'CWE-ID': 378, 'Full_Text': 'CWE-378 Creation of Temporary File With Insecure Permissions Opening temporary files without appropriate measures or controls can leave the file, its contents and any function that it impacts vulnerable to attack.', 'Similarity': np.float32(0.6995539)}]",False,False,False
dirty_function_36.py,614,"CWE-ID: CWE-614
Description: Sensitive Data Exposure - The function sets a session cookie without the Secure flag, making it vulnerable to interception or manipulation when transmitted over unencrypted HTTP connections.",315,CWE-315 Cleartext Storage of Sensitive Information in a Cookie The product stores sensitive information in cleartext in a cookie.,0.71362525,"[{'CWE-ID': 315, 'Full_Text': 'CWE-315 Cleartext Storage of Sensitive Information in a Cookie The product stores sensitive information in cleartext in a cookie.', 'Similarity': np.float32(0.71362525)}, {'CWE-ID': 1004, 'Full_Text': ""CWE-1004 Sensitive Cookie Without 'HttpOnly' Flag The product uses a cookie to store sensitive information, but the cookie is not marked with the HttpOnly flag."", 'Similarity': np.float32(0.7043402)}, {'CWE-ID': 784, 'Full_Text': 'CWE-784 Reliance on Cookies without Validation and Integrity Checking in a Security Decision The product uses a protection mechanism that relies on the existence or values of a cookie, but it does not properly ensure that the cookie is valid for the associated user.', 'Similarity': np.float32(0.6924716)}, {'CWE-ID': 488, 'Full_Text': 'CWE-488 Exposure of Data Element to Wrong Session The product does not sufficiently enforce boundaries between the states of different sessions, causing data to be provided to, or used by, the wrong session.', 'Similarity': np.float32(0.6871883)}, {'CWE-ID': 565, 'Full_Text': 'CWE-565 Reliance on Cookies without Validation and Integrity Checking The product relies on the existence or values of cookies when performing security-critical operations, but it does not properly ensure that the setting is valid for the associated user.', 'Similarity': np.float32(0.68461454)}]",False,False,False
dirty_function_37.py,201,"CWE-ID: CWE-201
Description: Information Exposure Through Sent Response",201,"CWE-201 Insertion of Sensitive Information Into Sent Data The code transmits data to another actor, but a portion of the data includes sensitive information that should not be accessible to that actor.",0.7252112,"[{'CWE-ID': 201, 'Full_Text': 'CWE-201 Insertion of Sensitive Information Into Sent Data The code transmits data to another actor, but a portion of the data includes sensitive information that should not be accessible to that actor.', 'Similarity': np.float32(0.7252112)}, {'CWE-ID': 209, 'Full_Text': 'CWE-209 Generation of Error Message Containing Sensitive Information The product generates an error message that includes sensitive information about its environment, users, or associated data.', 'Similarity': np.float32(0.6702205)}, {'CWE-ID': 200, 'Full_Text': 'CWE-200 Exposure of Sensitive Information to an Unauthorized Actor The product exposes sensitive information to an actor that is not explicitly authorized to have access to that information.', 'Similarity': np.float32(0.65410376)}, {'CWE-ID': 202, 'Full_Text': 'CWE-202 Exposure of Sensitive Information Through Data Queries When trying to keep information confidential, an attacker can often infer some of the information by using statistics.', 'Similarity': np.float32(0.65216947)}, {'CWE-ID': 213, 'Full_Text': ""CWE-213 Exposure of Sensitive Information Due to Incompatible Policies The product's intended functionality exposes information to certain actors in accordance with the developer's security policy, but this information is regarded as sensitive according to the intended security policies of other stakeholders such as the product's administrator, users, or others whose information is being processed."", 'Similarity': np.float32(0.65194607)}]",True,True,True
dirty_function_38.py,377,"CWE-ID: CWE-377
Description: Insecure Temporary File",377,CWE-377 Insecure Temporary File Creating and using insecure temporary files can leave application and system data vulnerable to attack.,0.7867911,"[{'CWE-ID': 377, 'Full_Text': 'CWE-377 Insecure Temporary File Creating and using insecure temporary files can leave application and system data vulnerable to attack.', 'Similarity': np.float32(0.7867911)}, {'CWE-ID': 378, 'Full_Text': 'CWE-378 Creation of Temporary File With Insecure Permissions Opening temporary files without appropriate measures or controls can leave the file, its contents and any function that it impacts vulnerable to attack.', 'Similarity': np.float32(0.7636249)}, {'CWE-ID': 379, 'Full_Text': ""CWE-379 Creation of Temporary File in Directory with Insecure Permissions The product creates a temporary file in a directory whose permissions allow unintended actors to determine the file's existence or otherwise access that file."", 'Similarity': np.float32(0.71814144)}, {'CWE-ID': 506, 'Full_Text': 'CWE-506 Embedded Malicious Code The product contains code that appears to be malicious in nature.', 'Similarity': np.float32(0.6517143)}, {'CWE-ID': 507, 'Full_Text': 'CWE-507 Trojan Horse The product appears to contain benign or useful functionality, but it also contains code that is hidden from normal operation that violates the intended security policy of the user or the system administrator.', 'Similarity': np.float32(0.6438012)}]",True,True,True
dirty_function_39.py,256,"CWE-ID: CWE-256
Description: Plaintext Storage of Sensitive Information - The software stores sensitive information, such as passwords, in plaintext, making it easily accessible to unauthorized actors.",256,CWE-256 Plaintext Storage of a Password Storing a password in plaintext may result in a system compromise.,0.84520745,"[{'CWE-ID': 256, 'Full_Text': 'CWE-256 Plaintext Storage of a Password Storing a password in plaintext may result in a system compromise.', 'Similarity': np.float32(0.84520745)}, {'CWE-ID': 318, 'Full_Text': 'CWE-318 Cleartext Storage of Sensitive Information in Executable The product stores sensitive information in cleartext in an executable.', 'Similarity': np.float32(0.8192959)}, {'CWE-ID': 316, 'Full_Text': 'CWE-316 Cleartext Storage of Sensitive Information in Memory The product stores sensitive information in cleartext in memory.', 'Similarity': np.float32(0.81689745)}, {'CWE-ID': 317, 'Full_Text': 'CWE-317 Cleartext Storage of Sensitive Information in GUI The product stores sensitive information in cleartext within the GUI.', 'Similarity': np.float32(0.815734)}, {'CWE-ID': 312, 'Full_Text': 'CWE-312 Cleartext Storage of Sensitive Information The product stores sensitive information in cleartext within a resource that might be accessible to another control sphere.', 'Similarity': np.float32(0.81007755)}]",True,True,True
dirty_function_40.py,1108,"CWE-ID: CWE-1108
Description: Excessive Use of Legacy Functionality - The function uses a deprecated FTP library, which may contain unpatched vulnerabilities or lack modern security features, making it vulnerable to known exploits.",220,"CWE-220 Storage of File With Sensitive Data Under FTP Root The product stores sensitive data under the FTP server root with insufficient access control, which might make it accessible to untrusted parties.",0.6340821,"[{'CWE-ID': 220, 'Full_Text': 'CWE-220 Storage of File With Sensitive Data Under FTP Root The product stores sensitive data under the FTP server root with insufficient access control, which might make it accessible to untrusted parties.', 'Similarity': np.float32(0.6340821)}, {'CWE-ID': 1084, 'Full_Text': 'CWE-1084 Invokable Control Element with Excessive File or Data Access Operations A function or method contains too many operations that utilize a data manager or file resource.', 'Similarity': np.float32(0.56732744)}, {'CWE-ID': 434, 'Full_Text': ""CWE-434 Unrestricted Upload of File with Dangerous Type The product allows the attacker to upload or transfer files of dangerous types that can be automatically processed within the product's environment."", 'Similarity': np.float32(0.5669023)}, {'CWE-ID': 249, 'Full_Text': 'CWE-249 DEPRECATED: Often Misused: Path Manipulation This entry has been deprecated because of name confusion and an accidental combination of multiple weaknesses. Most of its content has been transferred to CWE-785.', 'Similarity': np.float32(0.5480829)}, {'CWE-ID': 477, 'Full_Text': 'CWE-477 Use of Obsolete Function The code uses deprecated or obsolete functions, which suggests that the code has not been actively reviewed or maintained.', 'Similarity': np.float32(0.5347658)}]",False,False,False
